{
    "dir_light_direction": {
        "x": -0.8051783,
        "y": -0.47414306,
        "z": -0.3561970
    },
    "dir_light_intensity": {
        "x": 2.06848,
        "y": 2.15040,
        "z": 2.02752
    }
}