{
    "dir_light_direction": {
        "x": -0.8051783,
        "y": -0.47414306,
        "z": -0.3561970
    },
    "dir_light_radiance": {
        "x": 2.06848,
        "y": 2.15040,
        "z": 2.02752
    },
    "indirect_lighting_sh": [
        [
            0.028567474,
            0.03285628,
            0.04647888
        ],
        [
            0.0025092107,
            -0.0058790953,
            -0.022086091
        ],
        [
            0.0022966,
            0.004311052,
            0.0068791276
        ],
        [
            -0.011607582,
            -0.015209086,
            -0.020231899
        ],
        [
            0.00993983,
            0.011832375,
            0.015149615
        ],
        [
            -0.005445027,
            -0.0059492975,
            -0.007428746
        ],
        [
            -0.0018776592,
            -0.001985044,
            -0.0019327109
        ],
        [
            -0.008734052,
            -0.009435011,
            -0.011537199
        ],
        [
            0.011763511,
            0.017065605,
            0.023522936
        ]
    ]
}